Adresa;GPS lat;GPS lon;Městská část;vyska;0.001;0.005;0.01;avgtemp;difftemp
Absolonova 26a;49.2199439;16.5572753;Komín;214.6;0.0;0.025572115783345662;0.16574383245107616;10.9924984748708;-0.7450421710546422
Absolonova 93a;49.2214239;16.5559986;Komín;221.2;0.0;0.02921836981770045;0.19302953868795295;12.207909178988642;0.4703685330631995
Arbesova 12;49.2251953;16.627615;Lesná;275.8;0.5141961285038902;0.522042794527385;0.38178566042176304;12.699304131122306;0.9617634851968635
Axmanova 12a;49.1888675;16.536240799999998;Kohoutovice;386.2;0.17941373066408345;0.4608150022217236;0.446246032198128;11.54587644180023;-0.19166420412521212
Bakalovo nábřeží 1,2;49.1839836;16.6009253;Štýřice;201.6;0.3164282384218581;0.045911348533442864;0.051190039164510134;10.67783589348314;-1.0597047524423022
Bakalovo nábřeží 3-7;49.1842136;16.6004047;Štýřice;201.0;0.36051799980867105;0.04533561305521285;0.05622604330698392;11.265629151291485;-0.4719114946339573
Bednaříkova 13;49.2121864;16.6830994;Líšeň;344.5;0.0;0.0971110091968519;0.2258612736301588;12.21019431632863;0.4726536704031883
Bellova 38a;49.19440170000001;16.5282256;Kohoutovice;403.7;0.4650550229034957;0.6195116780246892;0.6608313982314274;9.780378129085971;-1.957162516839471
Bieblova 38;49.2162605;16.6160974;Černá Pole;249.0;0.43922750504744795;0.12706138267585795;0.11795275069466846;12.205078192915105;0.46753754698966254
Blatnická 8a;49.2072581;16.661221400000002;Vinohrady;297.2;0.3075992757520454;0.1223909859065636;0.12666292641750482;12.120064980006347;0.38252433408090525
Brechtova 7;49.2314428;16.6281086;Lesná;308.7;0.5463272118414825;0.5427294617615424;0.4946713872187598;11.73062934912156;-0.006911296803881584
Brožíkova 1;49.2278019;16.6203258;Lesná;277.3;0.6887434190374949;0.5148707013715998;0.3418534592783833;13.299344650611985;1.5618040046865431
Březová 68a;49.21245250000001;16.5473306;Jundrov;238.5;0.11181577383627757;0.4658805098544011;0.4396873745748773;10.839930019940288;-0.8976106259851537
Bystřinova 10;49.2299975;16.5864678;Královo Pole;250.9;0.0;0.0559352737680804;0.07198472867298605;10.807524156502533;-0.9300164894229095
Boettingrova 5;49.1922956;16.6534875;Juliánov;236.4;0.0;0.09289897856366863;0.0573470975013807;11.211565951308296;-0.5259746946171457
Bochořákova 1;49.2212475;16.5701958;Žabovřesky;260.3;0.0;0.17033570490674546;0.1266531669070997;10.805844593943355;-0.9316960519820867
Bochořákova 3;49.2204417;16.5702033;Žabovřesky;254.4;0.0;0.14289713262875192;0.12131185578564825;11.069319430256613;-0.6682212156688294
Bochořákova 5;49.2206386;16.5703761;Žabovřesky;254.7;0.0;0.14692865739990532;0.12278068375755052;11.170175540011938;-0.5673651059135043
Bochořákova 7;49.2208425;16.5702036;Žabovřesky;257.1;0.0;0.15470305337057966;0.12433842952931218;10.820556840077165;-0.9169838058482771
Bochořákova 9;49.2210464;16.570372199999998;Žabovřesky;257.8;0.0;0.15967284675764568;0.12541824654927025;11.072858684758431;-0.6646819611670107
Bořetická 15a;49.2015689;16.6625678;Vinohrady;281.6;0.0;0.028681691094968292;0.08565142689679615;12.68931841481966;0.9517777688942175
Bořetická 1a;49.20456110000001;16.6598344;Vinohrady;294.2;0.13733129639509292;0.07481130553704056;0.13081160634610906;12.248606345725374;0.5110656997999321
Boskovická 1;49.23944390000001;16.5816639;Řečkovice;248.8;0.043136450355421206;0.027237812631590967;0.0803603957460695;11.505562573526307;-0.23197807239913537
Boskovická 8a;49.2408992;16.58708;Řečkovice;246.8;0.0;0.08332719693105667;0.18190907287998825;11.468017874762861;-0.26952277116258117
Bosonožská 7a;49.1662289;16.556133300000006;Lískovec;229.7;0.0;0.007902221369419673;0.13429051219314134;12.834057879210482;1.0965172332850397
Botanická 29;49.2072983;16.5993758;Veveří;230.3;0.0;0.0768577187026777;0.0988739621495775;12.92991716745176;1.1923765215263185
Botanická 31;49.2074308;16.599281400000002;Veveří;230.7;0.0;0.07146085074707251;0.09813413349905667;12.857447730473519;1.1199070845480765
Botanická 43;49.2086044;16.5985422;Veveří;231.3;0.02364089593481281;0.05190108744881891;0.09119146794145676;11.750740026613848;0.013199380688405427
Botanická 52;49.20775310000001;16.599761100000002;Veveří;229.1;0.002881327082100744;0.08074907402331967;0.09831858336510384;13.484176341641682;1.7466356957162397
Botanická 54;49.2078953;16.5996964;Veveří;228.9;0.019293580294616784;0.07628980879568423;0.09763789762355084;13.243830720493747;1.5062900745683052
Botanická 59;49.2111831;16.5968764;Veveří;232.7;0.034927950422954976;0.05054806346424763;0.07233256730328126;13.257293360213303;1.5197527142878613
Botanická 66;49.2090011;16.59903;Veveří;229.9;0.02364089593481281;0.05770806858943851;0.08995678329555198;12.528202560424333;0.7906619144988909
Božetěchova 85a;49.23070560000001;16.5929081;Královo Pole;231.0;0.024861736727514638;0.05197610119782964;0.10878775729258028;11.214241498046169;-0.523299147879273
Bystřinova 12;49.2299456;16.586285;Královo Pole;251.6;0.001044222899565155;0.055070332840618116;0.07084204237618216;11.037828941578267;-0.699711704347175
Bzenecká 18a;49.2045769;16.6570997;Vinohrady;296.2;0.004424981368934553;0.13365823235999633;0.12485799258497413;13.265306907831533;1.5277662619060912
Bzenecká 4a;49.2099422;16.659879399999998;Vinohrady;300.8;0.0;0.2578642931230023;0.117499281605355;12.431906016266463;0.6943653703410213
Cihlářská 30;49.2045914;16.6039297;Veveří;221.8;0.0;0.19897155980082615;0.11969958359244295;15.559396744334386;3.8218560984089436
Cihlářská 38;49.2049622;16.6037006;Veveří;220.8;0.0;0.20223254690571527;0.11524640590448487;13.839692676669069;2.1021520307436266
Čejkovická 8;49.2045514;16.6625836;Vinohrady;288.1;0.0;0.03562252693150367;0.12329775424513095;12.49066035557583;0.7531197096503881
Čeňka Růžičky 7;49.1679092;16.575615300000006;Bohunice;242.1;0.0;0.02251559565064936;0.10794893065916426;11.535490874808996;-0.20204977111644595
Černého 47;49.2137164;16.5231658;Bystrc;259.0;0.27681910260940984;0.5034833225771049;0.5245642896008863;11.711240683285293;-0.026299962640148777
Černého 5a;49.2169517;16.5261858;Bystrc;246.2;0.006434918773946769;0.3619486625011181;0.4506560269009585;11.541125658716927;-0.1964149872085148
Dědická 1a;49.1816906;16.6831911;Slatina;264.7;0.0;0.0058510902261458475;0.012289031170722588;11.49677101469628;-0.24076963122916162
Dědická 37;49.1796981;16.6892064;Slatina;272.1;0.0;0.0058510902261458475;0.003917194619740489;12.406983352854171;0.669442706928729
Došlíkova 31a;49.1953986;16.654475599999998;Juliánov;236.1;0.0;0.08893660188427853;0.05339970453398265;11.47621062418124;-0.26133002174420206
Dřevařská 33;49.2085994;16.6002669;Ponava;226.3;0.02364089593481281;0.08025852854169177;0.09365256641103528;11.831676900505384;0.09413625457994179
Dubová 1a;49.2117183;16.5487519;Jundrov;230.5;0.0;0.3387583491412321;0.4175137243065499;10.507606971535491;-1.229933674389951
Dubová 23a;49.2137381;16.5503375;Jundrov;229.9;0.0;0.256663061502387;0.3009723726377449;12.05614035087764;0.3185997049521987
Dunajská 10;49.1698589;16.5582431;Lískovec;248.5;0.0;0.006101107524012293;0.06005166095567555;12.78944146308389;1.0519008171584474
Dunajská 1a;49.1687014;16.5639972;Lískovec;259.7;0.0;0.027021945202279598;0.0853987309149695;12.143358864847755;0.4058182189223132
Dunajská 47;49.1701331;16.5555864;Lískovec;242.7;0.06177759084069299;0.011620545169121685;0.05805643890842136;13.257743238802387;1.5202025928769451
Elišky Krásnohorské 15;49.1864264;16.6314536;Černovice;200.0;0.0;0.0033431300810416323;0.012263367189499502;10.752631466025806;-0.9849091798996366
Elišky Krásnohorské 22;49.1864264;16.6314536;Černovice;200.0;0.0;0.0033431300810416323;0.012263367189499502;12.41246997120508;0.6749293252796384
Elplova 38;49.2095311;16.6775403;Líšeň;325.5;0.0;0.01456551514770447;0.0966060922066162;11.662192716645308;-0.07534792928013445
Fillova 14;49.2283189;16.6214236;Lesná;282.5;0.5507981671862475;0.5707861846407597;0.3650510558782821;10.293819965377836;-1.4437206805476066
Fleischnerova 1b;49.2179858;16.5112844;Bystrc;302.7;0.0;0.04731149626568562;0.18758776683752093;9.629367338003457;-2.1081733079219855
Foerstrova 1;49.2175222;16.5769981;Žabovřesky;235.2;0.016236483373821855;0.009124927460257672;0.0663276365460562;11.561854185072775;-0.17568646085266693
Foerstrova 3;49.21585220000001;16.5770186;Žabovřesky;228.5;0.06828223323896905;0.012176240243307313;0.06551611083406883;11.848977907445425;0.11143726151998301
Foerstrova 4;49.2166058;16.5778956;Žabovřesky;232.9;0.06077928129945954;0.010782378701191395;0.060172614991066575;11.686195512390027;-0.051345133535415144
Foerstrova 5;49.2160528;16.5771881;Žabovřesky;229.6;0.06828223323896905;0.009925725187576341;0.06440061485885037;11.94089513281152;0.20335448688607727
Foerstrova 6;49.2168042;16.5777369;Žabovřesky;233.3;0.054660670113355285;0.01023942486466824;0.06209078681018775;11.23569385522063;-0.5018467907048123
Foerstrova 7;49.2162447;16.57702;Žabovřesky;229.5;0.06642780068844979;0.008908651570043532;0.06474245680281103;10.941718980974903;-0.7958216649505392
Foerstrova 8;49.2171347;16.57773;Žabovřesky;234.6;0.03177376144696483;0.010260795573143541;0.06397466736022492;11.87564304361192;0.13810239768647747
Foerstrova 9;49.2164447;16.5771931;Žabovřesky;230.3;0.0643928730296069;0.009078218196793551;0.06389220475761301;11.744417345214556;0.00687669928911383
Fričova 1;49.2203731;16.577755;Žabovřesky;253.8;0.0;0.05379414789143354;0.08261544799425796;10.390619310960801;-1.346921334964641
Fričova 2;49.220180600000006;16.5775869;Žabovřesky;251.2;0.0;0.05176908199700956;0.08140823804082006;11.02034139891129;-0.7171992470141522
Fričova 3;49.220180600000006;16.5775869;Žabovřesky;251.2;0.0;0.05176908199700956;0.08140823804082006;11.360706257828882;-0.3768343880965599
Fričova 4;49.2199858;16.5767536;Žabovřesky;247.6;0.0;0.039940001025439716;0.0865938721978843;12.211604997597261;0.47406435167181904
Fričova 5;49.2199858;16.5774189;Žabovřesky;248.8;0.0;0.047472900135003916;0.08053953776989836;11.603194499219985;-0.13434614670545741
Fričova 6;49.2197844;16.5769161;Žabovřesky;246.0;0.0;0.03769238957620828;0.0825094982486474;11.674612721913972;-0.06292792401147018
Fričova 7;49.219785;16.5775792;Žabovřesky;247.4;0.0;0.045254709442475234;0.07731509020993373;11.543676704730506;-0.19386394119493566
Fryčajova 145a;49.2352164;16.643168900000006;Obřany;243.2;0.0;0.2023423818079976;0.30097450017592;11.410089153330931;-0.3274514925945109
Gabriely Preissové 1;49.2202494;16.573517199999998;Žabovřesky;247.7;0.0;0.04453213253629496;0.11132046374231942;11.17650311460024;-0.5610375313252014
Gabriely Preissové 2;49.2196281;16.573320300000002;Žabovřesky;240.7;0.0;0.04510886162384646;0.10509888276787484;10.701310535476527;-1.0362301104489156
Gabriely Preissové 3;49.22044860000001;16.573683600000006;Žabovřesky;250.6;0.0;0.041384170893655724;0.11275143544478115;11.057869406423896;-0.6796712395015465
Gabriely Preissové 4;49.2197967;16.5738586;Žabovřesky;242.7;0.0;0.025739426506025915;0.10453737116707756;10.49520429924075;-1.2423363466846915
Gabriely Preissové 5;49.2203347;16.5742747;Žabovřesky;248.5;0.0;0.02714594863601908;0.10824495003806456;11.549800484294595;-0.18774016163084717
Gabriely Preissové 6;49.2200239;16.574641399999994;Žabovřesky;245.8;0.0;0.015988344882899203;0.10270124984638036;11.660648582291994;-0.0768920636334478
Gabriely Preissové 7;49.2205353;16.5744383;Žabovřesky;250.5;0.0;0.027117276690584502;0.11038755394760803;11.445315722198483;-0.29222492372695896
Gabriely Preissové 8;49.2200356;16.5757606;Žabovřesky;245.9;0.0;0.02913733112551445;0.09653302149258357;11.282329686807964;-0.455210959117478
Galandauerova 1;49.2304461;16.587556699999997;Královo Pole;247.7;0.0;0.05904428537822747;0.0809082424674244;12.240880602795626;0.5033399568701835
Galandauerova 3;49.2306319;16.5866728;Královo Pole;249.6;0.0;0.055856010236882865;0.07735222062465613;11.22922803498234;-0.5083126109431024
Habřinova 2a;49.2262167;16.5551842;Komín;254.0;0.0;0.040498577182199166;0.17650250703532394;12.156039561883187;0.4184989159577448
Halasovo náměstí 4a;49.2283189;16.6214236;Lesná;282.5;0.5507981671862475;0.5707861846407597;0.3650510558782821;12.111158364889796;0.37361771896435414
Haškova 4;49.2330856;16.6278553;Lesná;314.9;0.456142619505398;0.4652629259810462;0.5085925710640578;13.626560582018929;1.8890199360934865
Herčíkova 17;49.2307203;16.5848722;Královo Pole;254.3;0.1489497141314197;0.05424159075930008;0.06920091124745517;12.388963717777306;0.6514230718518643
Herčíkova 3;49.2307561;16.5825344;Královo Pole;259.6;0.16175061614364042;0.05288895119716653;0.07090929317041494;10.92030289890315;-0.8172377470222916
Heršpická 11c;49.17408;16.603519;Štýřice;205.1;0.0;0.000250612028747979;0.01767760894958733;13.643004325459028;1.905463679533586
Heyrovského 30a;49.2285367;16.5278314;Bystrc;216.4;0.0;0.07303356133446436;0.11855338029334217;11.343193174516102;-0.3943474714093398
Heyrovského 9a;49.2271458;16.528652800000003;Bystrc;216.4;0.0;0.033353064646659485;0.15860856173776994;13.285824460431556;1.5482838145061137
Hodonínská 25;49.17749970000001;16.6228178;Komárov;198.1;0.10187575365662792;0.02041836927586857;0.005750944179075248;13.36885024415678;1.6313095982313381
Hochmanova 8;49.2118408;16.6792244;Líšeň;339.1;0.0;0.03749095897786978;0.1848963790735984;12.028918343694498;0.29137769776905564
Horácké náměstí 1;49.2472886;16.5838092;Řečkovice;261.2;0.32569981520789554;0.05995130823812093;0.10829538716683614;12.084591124962973;0.34705047903753083
Horní 30;49.178645;16.5921439;Štýřice;223.9;0.02832934628616177;0.10904624779300193;0.10416327175774152;11.763808907991418;0.02626826206597599
Hrázka 12;49.2461525;16.5716742;Medlánky;274.0;0.0;0.04232074515299975;0.0348057030153862;10.868205841936474;-0.8693348039889681
Hrázka 20;49.2454631;16.5723222;Medlánky;270.4;0.0;0.04380456465986835;0.03580496686577613;10.73721303099182;-1.0003276149336227
Hrázka 30;49.2449067;16.5730256;Medlánky;267.7;0.0;0.050838831676091885;0.03768946465146357;11.03455067561618;-0.7029899703092628
Hrázka 4;49.2444039;16.5737617;Medlánky;267.3;0.0;0.058096423824655276;0.03934563938215828;11.660278340526832;-0.07726230539861056
Húskova 4;49.1850942;16.6405103;Černovice;206.1;0.0;0.0024410111404599704;0.012063336479701408;11.95900982481667;0.22146917889122797
Chaloupeckého náměstí 1;49.2118917;16.599854999999998;Královo Pole;228.1;0.08563420383866673;0.029294086430405524;0.08051616297555955;11.818025629750517;0.08048498382507496
Chlupova 2;49.21146829999999;16.594720600000002;Královo Pole;239.8;0.06859243451966315;0.051398438148594607;0.04977217557529008;11.423564715496994;-0.3139759304284482
Chlupova 4-6;49.2118064;16.5945914;Královo Pole;240.5;0.2262239922133568;0.04743181935091564;0.04461646015874023;12.333335886633314;0.5957952407078722
Chlupova 5;49.2114033;16.5942183;Královo Pole;241.0;0.08655502963643394;0.05172349064658138;0.0468454096501405;11.435090003829991;-0.3024506420954509
Ibsenova 2;49.8635411;18.5414436;Lesná;237.9;0.0;0.0;0.0;13.299706345245786;1.562165699320344
Irkutská 2a;49.1675425;16.5500519;Lískovec;236.2;0.0;0.011913738489567966;0.06919273101595318;12.76100323659385;1.0234625906684087
Janošíkova 41;49.12884;16.6517494;Chrlice;195.5;0.0;0.002433971578897656;0.008707631169549737;13.686222796047897;1.9486821501224547
Jánská 18;49.1948253;16.6118119;Střed;214.1;0.0;0.06722200449602192;0.07932289324576136;13.421818530229045;1.6842778843036026
Jasanová 26a;49.2044275;16.5556203;Jundrov;225.5;0.27089491086070744;0.3069121765854944;0.2444583073466924;11.52175830524895;-0.21578234067649227
Jasanová 4a;49.2061097;16.553285;Jundrov;224.2;0.005381001488117277;0.2425630770770289;0.2985428198837673;10.86776261333227;-0.8697780325931728
Ječná 38a;49.2497761;16.5856489;Řečkovice;252.9;0.024519830772730143;0.05775751345352785;0.16294924980503175;10.405294316644051;-1.332246329281391
Ježkova 9;49.23002750000001;16.6294517;Lesná;302.5;0.5754361280570467;0.5788212282563671;0.4557892277922614;12.279969532373848;0.5424288864484055
Jihomoravské náměstí 1a;49.178768100000006;16.6841578;Slatina;254.9;0.0;0.0058510902261458475;0.005861013772807024;12.004763814107163;0.26722316818172054
Jílová 29b;49.1791414;16.5937681;Štýřice;218.3;0.04512750908735995;0.07418218235898832;0.0928641540938638;11.78726004619468;0.04971940026923782
Jindřichova 10;49.21385220000001;16.5825142;Žabovřesky;239.4;0.0;0.0236814280661651;0.05283749436925924;11.755312896162266;0.01777225023682405
Jindřichova 12;49.2136544;16.582266699999998;Žabovřesky;238.1;0.0;0.025857920894814816;0.05521712501935107;11.668074025674636;-0.06946662025080563
Jindřichova 14;49.2133161;16.582005300000002;Žabovřesky;236.3;0.0;0.029385295643107268;0.060582463967611924;11.03742669819855;-0.7001139477268925
Jindřichova 16;49.2131103;16.5818422;Žabovřesky;234.9;0.0;0.03318468344231188;0.06433027711098559;11.81357082436192;0.07603017843647741
Jindřichova 18;49.212915;16.581678099999998;Žabovřesky;233.5;0.0;0.034862270845465844;0.06800750659508514;11.61290694767616;-0.12463369824928172
Jindřichova 19;49.2129128;16.5824731;Žabovřesky;237.8;0.0;0.03344320105384403;0.06624486228179034;11.267240252249492;-0.47030039367595045
Jindřichova 21;49.2127225;16.5826394;Žabovřesky;238.3;0.0;0.034550221763882866;0.0688426996105056;11.647265700111607;-0.09027494581383522
Jindřichova 6;49.2145492;16.582585;Žabovřesky;242.7;0.0;0.019067126533890585;0.04671616180355518;11.121956701308171;-0.6155839446172706
Jindřichova 8;49.2143714;16.5827767;Žabovřesky;242.5;0.0;0.01964137329839185;0.0487027385695294;11.567451153676211;-0.17008949224923064
Jírova 10;49.2086522;16.6862644;Líšeň;342.0;0.0;0.020827754327364518;0.10830915167516517;12.320350577169895;0.5828099312444532
Josefská 21;49.1916789;16.6116703;Střed;215.2;0.0;0.03045955650304235;0.06732278900409075;14.527870917724798;2.7903302717993554
Josefy Faimonové 13a;49.2055242;16.6800433;Líšeň;314.1;0.1636945124299037;0.05555572003163453;0.022037029870353872;11.851526209017962;0.11398556309251973
Josefy Faimonové 1a;49.2034483;16.6795;Líšeň;288.5;0.057089870666074835;0.06673880449808828;0.02053790342394197;12.055985996466422;0.3184453505409799
Jožky Jabůrkové 20;49.2235739;16.5527908;Komín;246.9;0.0;0.05297685549894717;0.19610583715820432;13.125631235143233;1.388090589217791
Jurkovičova 1;49.2327547;16.6238878;Lesná;309.8;0.5654690029335965;0.4290805786438845;0.4680791165205093;10.944628076035434;-0.7929125698900084
K Babě 11;49.24442310000001;16.571930300000002;Medlánky;260.5;0.0;0.05970627916209033;0.04108729951835182;9.870926418353658;-1.8666142275717839
K Babě 17;49.2450994;16.5709114;Medlánky;262.6;0.0;0.046727580875169115;0.03499821267462843;11.296244570783127;-0.44129607514231495
K Babě 19;49.2460175;16.5703772;Medlánky;267.4;0.0;0.04149111501237148;0.032028158781362316;11.214539676935386;-0.5230009689900559
K Babě 21;49.2457719;16.5698483;Medlánky;264.8;0.0;0.041572385090892616;0.029501677221057232;10.945130196840177;-0.7924104490852653
K Babě 23;49.2454586;16.5694919;Medlánky;261.7;0.0;0.04075724521990216;0.027867067875572984;11.92795288799424;0.19041224206879726
K Babě 25;49.243998100000006;16.5743872;Medlánky;267.5;0.0;0.05856514401674572;0.040802982421231385;11.171223974429326;-0.5663166714961161
K Babě 9;49.2446386;16.5724033;Medlánky;263.5;0.0;0.056651493938816286;0.04009453376977426;11.565147393411795;-0.1723932525136469
K Rybníku 1;49.2450656;16.5718208;Medlánky;264.6;0.0;0.04866127432674427;0.036170520288637736;10.916313406276029;-0.8212272396494136
K Rybníku 2;49.2441044;16.5715733;Medlánky;258.0;0.055432164243247664;0.06427081801598666;0.04239229302035963;10.063399465921133;-1.674141180004309
Kachlíkova 15a;49.2207753;16.5137986;Bystrc;292.8;0.0;0.0037150564122543704;0.1121560504904745;12.665174678464501;0.9276340325390589
Kamínky 35a;49.1811575;16.5593239;Lískovec;308.1;0.13429133976094826;0.2010225761875805;0.3346962883638639;11.942870649069686;0.205330003144244
Kamínky 5a;49.1785783;16.5581153;Lískovec;306.5;0.0;0.08972280726917538;0.2281079672047384;11.929874159295476;0.19233351337003413
Klímova 1;49.2121192;16.5834592;Žabovřesky;241.4;0.0;0.03323092629104446;0.07568467240875719;12.45263360172176;0.715092955796317
Klímova 3;49.21246110000001;16.5831156;Žabovřesky;240.5;0.0;0.03293127147126797;0.07196133393969192;11.967780728084467;0.2302400821590247
Klusáčkova 5a;49.2122722;16.5950783;Královo Pole;239.2;0.22360155224250333;0.0420180354679507;0.04441433184361905;11.92174001890214;0.18419937297669797
Konrádova 2a;49.2086522;16.6862644;Líšeň;342.0;0.0;0.020827754327364518;0.10830915167516517;10.464484610101763;-1.2730560358236787
Kosmákova 46a;49.2036964;16.640119400000003;Židenice;207.4;0.0;0.0197409457083324;0.059457918973524274;13.079565526928688;1.3420248810032458
Kosmonautů 15a;49.16640579999999;16.563305;Lískovec;244.0;0.0;0.029749980293786307;0.1650710329604886;11.911236579376608;0.17369593345116563
Kotlářská 25;49.2066608;16.599358300000002;Ponava;230.7;0.0;0.08634279719632748;0.10231038410802802;10.571037881454565;-1.1665027644708772
Kounicova 54;49.2112628;16.5936708;Veveří;241.7;0.05517556116653275;0.051345420976848286;0.048205426310711036;12.28058611798947;0.5430454720640281
Kotlanova 10;49.2101678;16.6794728;Líšeň;331.4;0.0;0.01149187156086557;0.12866385823845028;11.353120559126744;-0.38442008679869843
Kremličkova 6a;49.2486225;16.5738981;Řečkovice;307.4;0.0;0.0153826763399392;0.06936095683818047;11.74633366497308;0.008793019047637074
Křídlovická;49.1877081;16.5992519;Staré Brno;202.4;0.0;0.04071851338787292;0.09211234387256848;14.101700569149198;2.364159923223756
Kubánská 1;49.2136294;16.5812036;Žabovřesky;233.8;0.0;0.02873967342156135;0.056970773449919326;11.58841075512691;-0.14912989079853212
Kubánská 2;49.2138383;16.580385800000002;Žabovřesky;231.4;0.0;0.030561366842385043;0.057056524913958774;11.880409637628427;0.14286899170298462
Kubánská 3;49.2134331;16.5810375;Žabovřesky;232.2;0.0;0.032078183838562424;0.059783648991366414;12.224411233624005;0.4868705876985633
Kubánská 4;49.2136458;16.5805475;Žabovřesky;231.3;0.0;0.03196511919903726;0.058332655218253024;11.710699533132232;-0.026841112793210442
Kubánská 5;49.2132347;16.581205800000006;Žabovřesky;232.7;0.0;0.03425876489519503;0.062509711626872;11.897198739624924;0.15965809369948225
Kubánská 6;49.2134436;16.5803744;Žabovřesky;230.6;0.0;0.035085365399709974;0.06123058081253883;11.965352269884393;0.22781162395895116
Kubánská 7;49.2130403;16.5810422;Žabovřesky;231.0;0.0;0.036856996158028885;0.06608448071853773;11.587391162281033;-0.15014948364440883
Kubánská 8;49.21325;16.580554199999998;Žabovřesky;230.0;0.0;0.03673856850851418;0.06300073756261836;11.79597539880836;0.05843475288291877
Kubánská 9;49.2128406;16.5808781;Žabovřesky;230.2;0.0;0.039961843954553766;0.0697834903996787;11.590876410542386;-0.1466642353830565
Kubíčkova 1a;49.2188056;16.518771400000002;Bystrc;284.6;0.0;0.017162190836028216;0.25361940745211864;14.521182870186866;2.783642224261424
Kubíkova 22;49.2017336;16.6791478;Líšeň;287.3;0.0;0.06287845283761932;0.022997231766717058;11.308639760661634;-0.42890088526380765
Kunštátská 11a;49.2459844;16.5865464;Řečkovice;251.8;0.0;0.06956175899757347;0.1601846287434297;12.135953470801956;0.3984128248765142
Kvapilova 1;49.2202694;16.5789378;Žabovřesky;254.7;0.0;0.05738334378843307;0.07517795715794892;10.991816363853907;-0.7457242820715351
Kvapilova 2;49.2203722;16.5783583;Žabovřesky;254.0;0.0;0.05708849276013605;0.0787584962826656;11.182640720819652;-0.55489992510579
Kvapilova 3;49.2201736;16.5781892;Žabovřesky;251.4;0.0;0.055259219730762386;0.07785470639463844;12.134613340647881;0.3970726947224392
Kvapilova 4;49.2199694;16.5783633;Žabovřesky;249.8;0.0;0.053302380616626115;0.07517713287216207;11.635094158405776;-0.10244648751966601
Kvapilova 5;49.2197822;16.5781928;Žabovřesky;248.2;0.0;0.049021078625553535;0.07436506827564245;11.861872702916315;0.12433205699087324
Kvapilova 6;49.2200133;16.5791039;Žabovřesky;253.3;0.0;0.055374378415951976;0.07253615638684786;11.211430289494073;-0.5261103564313689
Kyjevská 3a;49.1690961;16.553285;Lískovec;243.0;0.0;0.01237651364912575;0.06356230874495268;12.456349419364088;0.7188087734386457
Labská 19a;49.1712733;16.5621189;Lískovec;272.2;0.0;0.0075221669936523326;0.03067395174707122;12.55790268909074;0.8203620431652983
Labská 8;49.1729028;16.5632522;Lískovec;285.4;0.0;0.006967984433729231;0.05622793940129471;11.873712173712235;0.13617152778679298
Lány 45;49.16634060000001;16.582617199999998;Bohunice;239.7;0.0;0.0978204687994577;0.11905252601952175;11.810189368096971;0.07264872217152885
Laštůvkova 75a;49.2188278;16.5230872;Bystrc;265.9;0.0;0.10200375416551008;0.3106069723907732;11.362275527991649;-0.37526511793379314
Leitnerova 4;49.1879928;16.6017919;Staré Brno;202.1;0.0;0.06265667626660966;0.08514134938280148;14.920764744962295;3.1832240990368526
Letovická 7a;49.2437597;16.58689;Řečkovice;248.1;0.11012799178892163;0.050484108730660164;0.17280884280492134;11.783481664112337;0.04594101818689467
Libušino údolí 154a;49.1987469;16.546789999999998;Kohoutovice;300.7;0.06739218898566585;0.3040248705725424;0.4192862391753941;11.487814410649385;-0.2497262352760572
Lipská 1;49.218555;16.5776664;Žabovřesky;240.1;0.00728856025980185;0.021744231647554468;0.06853427522494453;11.848063119407476;0.11052247348203359
Lipská 2;49.21886470000001;16.578418900000006;Žabovřesky;243.7;0.0;0.03168558179190717;0.06824744152353307;12.238885575202598;0.5013449292771561
Lipská 3;49.2191825;16.5788897;Žabovřesky;247.2;0.0;0.04273002764799557;0.06850460380480188;11.537370668102687;-0.20016997782275503
Lipská 4;49.2190556;16.5782447;Žabovřesky;244.4;0.0;0.034560564907534765;0.06947344843698744;10.997270103886118;-0.7402705420393243
Lipská 5;49.2189528;16.5776625;Žabovřesky;242.9;5.276426863685214e-05;0.02745791879465413;0.07066717250043689;11.41776982707209;-0.31977081885335146
Lipská 6;49.2186561;16.578259699999997;Žabovřesky;242.3;0.0;0.026794472548154376;0.06771503715151107;11.446552022621107;-0.29098862330433484
Lipská 7;49.2186561;16.578259699999997;Žabovřesky;242.3;0.0;0.026794472548154376;0.06771503715151107;11.290672459533358;-0.44686818639208425
Luční 13;49.2165625;16.5737392;Žabovřesky;223.4;0.0;0.009798102132072323;0.07629206843707795;11.63702557795418;-0.10051506797126208
Luční 15;49.2167539;16.5740256;Žabovřesky;223.9;0.0;0.008406186596186608;0.07630489424458381;11.266953630930688;-0.47058701499475397
Luční 17;49.21631970000001;16.5742978;Žabovřesky;223.0;0.0;0.00986115627898438;0.07157028334518623;12.20169530575034;0.46415465982489756
Luční 19;49.2165183;16.574463899999998;Žabovřesky;224.2;0.0;0.00877383894954247;0.07165138351093119;11.455925227893472;-0.2816154180319703
Luční 21;49.2157;16.576152800000006;Žabovřesky;223.5;0.016405633263156562;0.012767979589073749;0.06892353605836556;11.278959406473437;-0.45858123945200546
Luční 23;49.2162144;16.5763828;Žabovřesky;226.9;0.04791715290651512;0.008883521475726042;0.06766563330294131;11.176575953259642;-0.5609646926658005
Luční 25;49.21601810000001;16.5765489;Žabovřesky;227.0;0.061899659388524826;0.01015689202304371;0.06709939213189334;12.197164770106387;0.45962412418094445
Luční 26;49.2160525;16.5722719;Žabovřesky;221.4;0.0;0.031001656219902606;0.0775299652262326;10.45629097147061;-1.2812496744548323
Luční 27;49.2154917;16.5767961;Žabovřesky;225.5;0.046897558996735374;0.015507749336393262;0.06622725106117859;10.893185663744124;-0.8443549821813185
Luční 28;49.2157817;16.5722247;Žabovřesky;220.2;0.0;0.029469815442185524;0.07366535476122332;12.128867626674936;0.39132698074949346
Luční 30;49.2155172;16.5719925;Žabovřesky;219.0;0.0;0.02911621120151509;0.07082060631481993;11.305031736872518;-0.43250890905292394
Luční 32;49.2154594;16.572993099999998;Žabovřesky;219.1;0.0;0.0168657402034646;0.07074836757935825;11.386677454153117;-0.3508631917723246
Luční 66;49.215149200000006;16.575955;Žabovřesky;222.3;0.0025974693412365605;0.015532810523317484;0.06959759452957437;11.30876218304852;-0.428778462876922
Luční 68;49.2149106;16.575747800000002;Žabovřesky;221.6;0.0;0.01627424554854201;0.06985680705454753;11.51130707389325;-0.22623357203219285
Malinovského náměstí 2;49.1942492;16.6067142;Střed;224.3;0.0;0.13736444092023126;0.0975089893772592;11.536423841059598;-0.20111680486584405
Masarova 11;49.2051661;16.6754614;Líšeň;287.4;0.1314840305026989;0.05947379942469627;0.029895999139400782;12.241867556911457;0.5043269109860145
Masarykova 19;49.1929078;16.6102244;Střed;221.8;0.0;0.06732701875059224;0.08294523254041428;12.871654709468867;1.134114063543425
Merhautova 222;49.2182519;16.619397199999998;Černá Pole;249.9;0.7095511015225234;0.15324960172072166;0.17688375977058465;12.006386398404295;0.26884575247885323
Mikulčická 18;49.1804358;16.6909922;Slatina;275.2;0.0;0.0008299204266785247;0.003939137111244248;12.320544249801994;0.583003603876552
Mikulovská 2a;49.2054556;16.6639481;Vinohrady;286.9;0.0;0.02473904214244451;0.1142649963176744;13.75082411770345;2.013283471778008
Milénova 14;49.2264528;16.6252517;Lesná;278.8;0.7227322993141964;0.5708861382528405;0.394316443828914;14.541501836050744;2.8039611901253014
Moldavská 3a;49.1687661;16.585098600000002;Bohunice;254.7;5.62489388212702e-05;0.1776431944575135;0.10741119453107632;12.063967046894785;0.3264264009693427
Mozolky 48;49.2158964;16.5759903;Žabovřesky;224.0;0.0;0.010740158788202258;0.06910490671207169;12.09654456302284;0.35900391709739843
Mozolky 49;49.21606720000001;16.5750894;Žabovřesky;222.3;0.0;0.010795085671842113;0.07084920264916619;11.959825638459813;0.22228499253437128
Mozolky 50;49.2160939;16.575829199999998;Žabovřesky;224.1;0.0;0.00939040217951272;0.06950074356028701;11.138425436149962;-0.5991152097754799
Mozolky 51;49.2162683;16.5752519;Žabovřesky;224.0;0.0;0.009434213093808687;0.07037243711446195;11.760919186281544;0.023378540356102206
Mozolky 52;49.2164467;16.576034699999994;Žabovřesky;226.1;0.00036079241672108464;0.008237175820727945;0.06868611132299438;11.166550609779645;-0.5709900361457976
Mozolky 53;49.2165183;16.575457800000002;Žabovřesky;225.7;0.0;0.007902887240531863;0.06938585444777967;11.913693728357012;0.17615308243157024
Mozolky 55;49.2167097;16.5752931;Žabovřesky;226.8;0.0;0.008073704315092736;0.06930008337523498;12.074633498788048;0.3370928528626056
Mozolky 57;49.2169081;16.5754628;Žabovřesky;228.4;0.0;0.007604476939613492;0.06913768652346987;11.453355013758745;-0.2841856321666967
Mozolky 59;49.2171708;16.5752897;Žabovřesky;229.7;0.01023753434929424;0.007487351675611919;0.07066589232071784;11.71623056795454;-0.02131007797090234
Mozolky 61;49.2173608;16.5754644;Žabovřesky;231.3;0.02655598237480253;0.0072656064500688546;0.07101794050335285;10.884738747064006;-0.8528018988614363
Nadační 1;49.2453928;16.570404999999994;Medlánky;263.3;0.0;0.04314413493539505;0.032486143332671163;11.179300842592435;-0.5582398033330076
Nadační 2;49.2444925;16.5709364;Medlánky;258.3;0.0;0.05480447433467317;0.038299137059235114;10.81476224022533;-0.9227784057001127
Nadační 3;49.2456725;16.570790300000002;Medlánky;266.0;0.0;0.04259609666887761;0.033723913822071475;11.093904765269055;-0.6436358806563867
Nadační 5;49.2417275;16.581244199999997;Medlánky;266.9;0.0;0.03225736592707948;0.07349581228415046;12.555605879036039;0.8180652331105964
náměstí SNP 18a;49.21626060000001;16.616097500000002;Černá Pole;249.0;0.43927729725762604;0.1270622129729104;0.1179533535924258;11.297307400130292;-0.44023324579515055
náměstí Svornosti 1;49.2139703;16.5816739;Žabovřesky;237.4;0.0;0.0249601764283837;0.0512236927661642;11.70799707939445;-0.029543566530991328
náměstí Svornosti 2;49.2141606;16.5818406;Žabovřesky;238.5;0.0;0.02317743067941184;0.04863923066868649;12.260999135363743;0.5234584894383012
náměstí Svornosti 3;49.2143625;16.5816767;Žabovřesky;238.5;0.0;0.02212471018368871;0.046408941279650895;11.19934095494294;-0.538199690982502
náměstí Svornosti 4;49.2145556;16.5818397;Žabovřesky;239.7;0.0;0.02061867145330093;0.04441501385454448;10.721523000653391;-1.0160176452720506
náměstí Svornosti 5;49.2147539;16.5820028;Žabovřesky;240.6;0.0;0.0192655713854045;0.04334463597743274;10.701471718413734;-1.0360689275117085
Nejedlého 13;49.2283358;16.6290667;Lesná;297.3;0.6493422795056839;0.5907529359028925;0.4077450075297365;11.006210641862571;-0.7313300040628707
Nejedlého 28;49.2297206;16.6283381;Lesná;298.2;0.7350890797710802;0.5786925495212548;0.4514280362059444;10.213829623353648;-1.5237110225717938
Nejedlého 34;49.2295744;16.6299819;Lesná;301.2;0.5727772012378434;0.5808841481002234;0.441451705003141;10.37008793703951;-1.3674527088859314
Nejedlého 5;49.2263028;16.6268083;Lesná;279.9;0.5591541332863644;0.5596901346412082;0.3880518924951472;11.348202889629386;-0.38933775629605627
Neužilova 6a;49.1698494;16.577817800000002;Bohunice;253.7;0.0;0.032835779692687216;0.10530233161291558;12.746487248990706;1.0089466030652634
Novolíšeňská;49.2073936;16.6841547;Líšeň;338.4;0.0;0.02828668106415212;0.06410693375563438;11.833363003879592;0.09582235795414995
Novoměstská 5a;49.2237097;16.5785839;Řečkovice;282.8;0.08422417918561044;0.06022923563348575;0.10629943541417383;12.093229287090432;0.3556886411649902
Oderská 1a;49.1695461;16.5605467;Lískovec;254.3;0.0;0.008348957416488716;0.06368753341661754;11.870720297514227;0.13317965158878486
Okrouhlá 10a;49.1698683;16.5702272;Bohunice;265.9;0.0;0.033754356252523744;0.04951137731613044;12.795980804977114;1.0584401590516723
Okrouhlá 1a;49.1703089;16.5725364;Bohunice;271.1;0.0;0.03968201648544797;0.06175085694197297;12.580158572186956;0.8426179262615143
Okrouhlá 7a;49.1714469;16.572770000000002;Bohunice;274.0;0.0;0.02796639527570193;0.07403071902646342;12.421885622502005;0.684344976576563
Okrouhlá 30a;49.1722833;16.5733883;Bohunice;275.0;0.0013572238681156268;0.013939305838517949;0.09982750534665204;12.454496129600853;0.7169554836754113
Olbrachtovo náměstí 10a;49.22481060000001;16.5569564;Komín;243.9;0.0;0.08676255668293616;0.1773201995433635;11.716082052075171;-0.021458593850271157
Ondrouškova 1a;49.2182031;16.5169719;Bystrc;292.0;0.0;0.08183160982035312;0.2580417255474079;15.59914506003664;3.8616044141111985
Opálkova 6a;49.22053579999999;16.5301664;Bystrc;246.2;0.0;0.3045455162498582;0.3163214253807273;12.333096574851954;0.5955559289265118
Orlí 30;49.1943214;16.6134303;Střed;208.9;0.0;0.05159008816243247;0.06479936218350932;11.886770338151296;0.14922969222585358
Osová 12;49.1700194;16.567878099999998;Lískovec;268.5;0.0;0.028797666795334763;0.044502342013266784;12.677906293930425;0.9403656480049829
Palackého třída 164;49.2323047;16.5900253;Královo Pole;236.4;0.0;0.0562378904488656;0.10327141005540323;11.320611076324699;-0.4169295696007431
Pálavské náměstí OC-2;49.2090572;16.6612261;Vinohrady;298.9;0.0;0.2224943090923634;0.123003369204145;11.926988369828956;0.1894477239035144
Pastviny 3a;49.219249700000006;16.55958;Komín;219.4;0.0;0.09945241748216077;0.12159286318681707;10.333889116341323;-1.4036515295841188
Pavlovská 5a;49.1892192;16.5303883;Kohoutovice;399.8;0.2809285026941533;0.5790079052250571;0.5048443500323697;11.57950806659819;-0.15803257932725145
Pěkná 44a;49.1301158;16.653949400000002;Chrlice;200.0;0.0;0.0;0.006890798129323151;13.215957364640365;1.4784167187149233
Plevova 1;49.2214211;16.569836900000002;Žabovřesky;263.8;0.0;0.19065067949266234;0.12789328216916948;10.751634289238318;-0.9859063566871242
Plevova 3;49.2201867;16.569284200000002;Žabovřesky;260.3;0.0;0.1377630396357692;0.11971667179222553;10.76246073802892;-0.9750799078965215
Plevova 5;49.2204753;16.5694414;Žabovřesky;259.8;0.0;0.14795319889194286;0.12188833371493155;10.023270912803943;-1.7142697331214993
Plovdivská 1;49.2187978;16.5815144;Žabovřesky;252.7;0.0;0.043638025663893916;0.03643128035419217;11.724909150339432;-0.012631495586010288
Plovdivská 2;49.2186333;16.5805581;Žabovřesky;250.0;0.0;0.03956746350889704;0.050520509767656464;11.866296951289849;0.12875630536440674
Plovdivská 3;49.218435;16.58151;Žabovřesky;251.4;0.0;0.03644986730890677;0.03549632477490563;11.50899777025999;-0.22854287566545217
Plovdivská 4;49.2184358;16.5807242;Žabovřesky;248.9;0.0;0.03619727896923892;0.04653786177430422;11.136639372621492;-0.6009012733039505
Plovdivská 5;49.2182386;16.5816797;Žabovřesky;251.4;0.0;0.03281210815631063;0.03445252831796565;11.598899597930105;-0.13864104799533727
Plovdivská 6;49.2179464;16.5806233;Žabovřesky;245.8;0.0;0.02755436301825001;0.04597634738878993;11.362040400546045;-0.3755002453793974
Plovdivská 7;49.2178964;16.5814328;Žabovřesky;249.3;0.0;0.027350715318226082;0.036613426491775264;9.737905001572868;-1.9996356443525745
Polívkova 12;49.2432561;16.5781006;Řečkovice;282.0;0.0;0.0512542025739577;0.04127796508708398;11.585111460313415;-0.15242918561202679
Polní 13-19;49.1841533;16.5990581;Štýřice;203.0;0.18684037066755405;0.050543907701689886;0.0612342537405164;11.456525347151857;-0.28101529877358544
Poříčí 41;49.1856506;16.600441399999998;Staré Brno;201.8;0.055109563411456106;0.04008704738516105;0.0783567787778639;12.375812675397489;0.6382720294720468
Poštovská 3/5;49.1947794;16.6103747;Střed;223.8;0.0;0.1084823243982826;0.09297943528281537;10.68886560693643;-1.0486750389890123
Poznaňská 1;49.2176367;16.579053299999998;Žabovřesky;239.9;0.0;0.019972035356953768;0.06011074819175868;11.23323130233918;-0.5043093435862627
Poznaňská 2;49.2170533;16.5793408;Žabovřesky;239.7;3.001102471352325e-05;0.015536306861126897;0.05339377859381652;11.301014397905787;-0.4365262480196552
Poznaňská 3;49.2185894;16.5798697;Žabovřesky;246.5;0.0;0.03615063449368364;0.059674240784472865;11.697037365006627;-0.04050328091881461
Poznaňská 4;49.2189639;16.5792811;Žabovřesky;246.4;0.0;0.040755611723629535;0.06697221519889587;10.868010856175008;-0.8695297897504339
Poznaňská 5;49.2183881;16.5797014;Žabovřesky;244.9;0.0;0.03109243290926768;0.05998623038875146;11.94828316675334;0.2107425208278979
Poznaňská 6;49.2187631;16.5791044;Žabovřesky;245.1;0.0;0.03537020426762212;0.06705155420250418;11.283317287326335;-0.4542233585991067
Poznaňská 7;49.2181928;16.579875;Žabovřesky;244.9;0.0;0.028750639168047293;0.0563901017133082;11.88961454041382;0.15207389448837816
Poznaňská 8;49.2185617;16.5789461;Žabovřesky;243.6;0.0;0.0298630217591834;0.06681686432434145;11.453616464201176;-0.2839241817242666
Poznaňská 9;49.2180011;16.5797092;Žabovřesky;244.0;0.0;0.02622102928495312;0.057018193806101986;11.55463387388784;-0.18290677203760275
Pražákova 69;49.175885;16.605527;Štýřice;200.8;0.0;6.32363632261543e-05;0.019562199222369268;10.729277539281929;-1.008263106643513
Prostějovská 20;49.1809825;16.6897094;Slatina;279.8;0.0;0.002495433377583713;0.0055390971220781295;12.636696294586226;0.8991556486607841
Provazníkova 46;49.2164903;16.6286594;Černá Pole;242.4;0.6058661624789837;0.18567399450183225;0.1901407543653645;12.834503408171987;1.0969627622465445
Pšeník 1;49.17308720000001;16.5952856;Štýřice;225.1;0.0;0.046600668134336366;0.08678032784872584;11.189992871317706;-0.547547774607736
Pšeník 9;49.1732503;16.595837799999998;Štýřice;221.6;0.0;0.03090804775089805;0.08649057140565464;11.62855352943452;-0.10898711649092263
Puchýřova 13;49.2040003;16.6848069;Líšeň;320.5;0.0;0.0343336098454914;0.02073456551455476;12.089818381154515;0.35227773522907313
Radnická 1;49.1929308;16.6090383;Střed;225.6;0.0;0.0763927443040469;0.091561940680159;12.711737952781528;0.9741973068560856
Renčova 17a;49.2483239;16.5747011;Řečkovice;304.4;0.05192036777037196;0.01618786675104501;0.06646062510868345;13.968950670914245;2.2314100249888025
Renčova 18a;49.2429258;16.586352800000004;Řečkovice;250.2;0.09580709628890892;0.029576827572870112;0.1653658528205802;12.361864096931718;0.6243234510062763
Renčova 32a;49.2466886;16.5756956;Řečkovice;296.7;0.036302523583725474;0.02087156822761758;0.045501911504370315;11.969927705884686;0.2323870599592439
Renneská třída 38;49.1804814;16.5984561;Štýřice;208.5;0.0;0.04683105097210168;0.05737936799196579;13.768494285879484;2.030953639954042
Renneská třída 44;49.1802433;16.5981447;Štýřice;209.0;0.0;0.04586423189585207;0.06028086719276809;11.592957827956445;-0.1445828179689972
Renneská třída 45;49.17803060000001;16.5977489;Štýřice;209.8;0.14445660819064474;0.03811380448981447;0.06956540786670297;12.549890356254732;0.8123497103292898
Renneská třída 48;49.1797139;16.5976522;Štýřice;210.8;0.0;0.0385418251106951;0.06589869221891594;13.07849912268857;1.3409584767631273
Richtrova 5a;49.1954253;16.5414228;Kohoutovice;346.5;0.0;0.07066460096925334;0.4746786731130821;14.499904560980852;2.76236391505541
Rolnická 1a;49.1659572;16.5782283;Bohunice;235.5;0.0;0.03896125888001077;0.1292786908148689;11.965291074608047;0.22775042868260442
Řezáčova 58a;49.2261092;16.5571417;Komín;249.8;0.0;0.10692593952231083;0.1754169438635692;11.813511270650162;0.07597062472471983
Řezáčova 24a;49.224685;16.5597264;Komín;241.7;0.0;0.20520081790182487;0.15586058435194225;11.190670796868666;-0.546869849056776
Řezáčova 56a;49.2258903;16.5584364;Komín;245.7;0.0;0.1528800269547878;0.1703500717169111;10.784341837007512;-0.9531988089179304
Řípská;49.181837;16.656827;Černovice;241.3;0.0;0.00938663769896517;0.02689239985260624;11.61372706454844;-0.12381358137700182
Sabinova 1;49.2195894;16.5752506;Žabovřesky;242.7;0.0;0.012117175145458431;0.09553512498491763;11.11224200140236;-0.6252986445230828
Sabinova 2;49.21982970000001;16.574485;Žabovřesky;244.1;0.0;0.01360301019785514;0.1020266744461759;11.259413817883125;-0.478126828042317
Sabinova 4;49.2196333;16.5746439;Žabovřesky;242.5;0.0;0.009999174986419104;0.0997404939746218;11.880895859344466;0.14335521341902435
Sabinova 6;49.2193781;16.5744778;Žabovřesky;240.7;0.0;0.00601415225293506;0.09904282786638904;11.452482002701988;-0.2850586432234543
Sedláčkova 12;49.20361810000001;16.6674803;Líšeň;273.2;0.0;0.052339023964830436;0.06967832057531449;11.23557487614911;-0.5019657697763318
Sibiřská 60;49.2487244;16.5756528;Řečkovice;302.7;0.0005836364225983718;0.01848032418252922;0.07352665003975686;11.545174557812665;-0.19236608811277733
Sibiřská 62;49.2425847;16.5806467;Řečkovice;271.4;0.0;0.027628316690021453;0.06594465344796954;11.230731462150995;-0.5068091837744468
Sibiřská 64;49.2420811;16.5806531;Řečkovice;271.5;0.0;0.034991844066614944;0.06822330574206194;12.200637151738546;0.4630965058131036
Sosnová 15b;49.2064853;16.5488158;Jundrov;238.2;0.07061059683089743;0.4605638360290769;0.4576487123994906;13.158062901798012;1.4205222558725694
Šrámkova 2;49.2229;16.6273;Lesná;262.0;0.4889566152583874;0.3991557258400857;0.3400080825907318;11.074086525531118;-0.6634541203943236
Šromova 36a;49.1295667;16.6521514;Chrlice;196.9;0.0;0.0010384403251226448;0.007821144541075112;12.64543328695114;0.9078926410256987
Šromova 45a;49.1300739;16.652634699999997;Chrlice;198.0;0.0;0.0;0.006808340118055912;14.570098370794284;2.832557724868842
Souběžná 11;49.1913711;16.6566542;Juliánov;243.5;0.0;0.1367103831003513;0.0595794225819366;11.45414329707521;-0.28339734885023127
Souběžná 21;49.19075;16.6586225;Juliánov;244.8;0.0;0.14969256487545196;0.06514196652996189;11.999222908436682;0.2616822625112398
Součkova 1a;49.2210939;16.5527925;Komín;217.3;0.0;0.01448035291084164;0.21664342437170755;12.945356525081772;1.20781587915633
Souhrady 11;49.1654575;16.572593599999998;Bohunice;235.6;0.0;0.10733924968347973;0.15320300129827458;12.728241427935536;0.9907007820100944
Sovinec 26;49.1730575;16.5947417;Štýřice;227.2;0.0;0.0678585552393288;0.0868163262271338;12.544960975081334;0.8074203291558923
Spodní 2a;49.1653019;16.5766025;Bohunice;227.2;0.0;0.06817516504347464;0.14611072489845744;13.695733988037489;1.9581933421120468
Starobrněnská 20;49.1925636;16.6062903;Střed;236.7;0.009324781845335445;0.11685954421079232;0.09869395308599196;12.55645277867012;0.8189121327446784
Stavební 9;49.19362720000001;16.623441399999994;Střed;201.8;0.0;0.002528689338164552;0.02084466573251316;14.445870098979588;2.708329453054146
Strnadova 14;49.2051486;16.6693703;Líšeň;280.3;0.0;0.0429523098006175;0.06474566747987312;11.082662741249537;-0.6548779046759048
Strnadova 13;49.20538;16.6683628;Líšeň;279.9;0.0;0.04001548665298167;0.07589714935076597;10.984863848229509;-0.7526767976959334
Svážná 27;49.1749586;16.551457199999998;Kamenný Vrch;270.1;0.5154229515944139;0.12358086392069187;0.09127258671597156;12.165514186104744;0.4279735401793019
Šeříková 46;49.207274700000006;16.5474475;Jundrov;242.3;0.0;0.4904354528176422;0.5191880231240995;12.690824381040445;0.9532837351150025
Šrámkova 14;49.2264525;16.6252514;Lesná;278.8;0.7226992711492606;0.5708781731651131;0.3943109325039256;10.32587266957542;-1.4116679763500226
Synkova 24;49.2051661;16.6754614;Líšeň;287.4;0.1314840305026989;0.05947379942469627;0.029895999139400782;11.635199680665995;-0.10234096525944736
Škrétova 8a;49.2484775;16.5752108;Řečkovice;303.2;0.03521180757358283;0.018210737426958636;0.06969664492643626;11.915620478543044;0.17807983261760185
Štefáčkova 13;49.2086544;16.689990599999998;Líšeň;332.5;0.0;0.003407354147620848;0.12474115948088155;11.655863755866514;-0.08167689005892775
Štouračova 24;49.2154836;16.520293900000002;Bystrc;258.4;0.036088316607126;0.238129814002655;0.3950848092351783;12.275960253994036;0.5384196080685939
Šumavská 21;49.21146829999999;16.5961794;Ponava;234.7;0.014190568742003359;0.049459032079166784;0.06392856690342975;10.17878086124386;-1.5587597846815822
Švermova 11a;49.1686803;16.5711181;Bohunice;255.0;0.0;0.029130553704954574;0.06743517893847248;12.377162849682712;0.6396222037572699
Švermova 14a;49.16931500000001;16.5741225;Bohunice;257.0;0.0;0.04149820095626928;0.08066699720369874;12.912293833953006;1.1747531880275641
Tábor 53;49.214293100000006;16.5935464;Ponava;239.9;0.13652682287395174;0.04427896494811395;0.02364316681995988;11.721717171717234;-0.015823474208207955
Tábor 63;49.2146211;16.5948147;Ponava;237.8;0.004033093934205486;0.042856903373104036;0.02866449201975142;11.260808479644293;-0.476732166281149
Teyschlova 33;49.21557720000001;16.5012853;Bystrc;337.7;0.0;0.1688891349050613;0.12614289884914204;12.085987095606376;0.3484464496809334
Topolky 24;49.2169186;16.574383100000002;Žabovřesky;225.5;0.0;0.008513121431601224;0.07518282504788844;12.596528486435533;0.8589878405100908
Topolky 26;49.2170825;16.5747453;Žabovřesky;228.0;0.0;0.008168429951194031;0.07391323037352103;10.65797062390519;-1.0795700220202527
Třískalova 14;49.2263164;16.6212092;Lesná;266.6;0.4784534604563759;0.4550272866407633;0.35137966163587064;11.323152695370942;-0.4143879505545005
Turgeněvova 18a;49.1891186;16.6451608;Černovice;214.5;0.0;0.02062426088236381;0.026943284315531616;13.081038035628293;1.3434973897028506
U Velké ceny 10a;49.1982231;16.531126399999998;Kohoutovice;389.2;0.61666981625309;0.6354526582562355;0.6457878831298197;11.13363107232514;-0.6039095736003013
Ukrajinská 1a;49.1669975;16.5867917;Bohunice;247.6;0.4389027375800893;0.1476758606526975;0.10720771954715698;13.00363878282999;1.2660981369045476
Ukrajinská 2a;49.8268969;18.1923719;Bohunice;238.0;0.0;0.0;0.0;12.829879648202482;1.0923390022770398
Ukrajinská 5a;49.1684175;16.586780599999994;Bohunice;252.2;0.4297177558607379;0.1742152002870545;0.10742429921381767;13.142331880087946;1.404791234162504
ulice Čoupkových 10a;49.2224144;16.5492022;Komín;229.4;0.0;0.19052467650204832;0.21093477104714103;12.728956955876901;0.9914163099514592
ulice Čoupkových 28a;49.22234279999999;16.5513764;Komín;225.4;0.0;0.08762435790927843;0.20542829890841108;13.316709905883865;1.579169259958423
Ulička 1a;49.1925508;16.5360542;Kohoutovice;354.9;0.0;0.15172368415649146;0.5213867258542315;13.339184567498126;1.601643921572684
Urbánkova 16a;49.2253617;16.5563842;Komín;247.7;0.0;0.07679314726546052;0.17785834800633055;12.853907095377993;1.116366449452551
Uzbecká 13;49.1726658;16.5802017;Bohunice;272.3;0.0;0.10090384463120028;0.13644575936501405;12.485905763480925;0.7483651175554833
V Újezdech 12;49.2447092;16.5715008;Medlánky;261.4;0.0;0.05361963334123904;0.038515034089219836;10.631183164121008;-1.1063574818044337
V Újezdech 18;49.2451353;16.569981900000002;Medlánky;260.4;0.0;0.044413071706233286;0.031060623163730733;11.3242663935874;-0.4132742523380415
Vaculíkova 14;49.2283722;16.623257199999998;Lesná;284.8;0.5758456146735091;0.5697603577732889;0.3901118045535621;12.836964781141155;1.0994241352157132
Valtická 1a;49.2027725;16.6570694;Vinohrady;292.8;0.0;0.06069217479210735;0.1187140442648146;12.465805629766132;0.72826498384069
Vaculíkova 13;49.23025360000001;16.6199769;Lesná;292.5;0.4854407365523698;0.5456897144145301;0.3716233037385668;11.591439165950115;-0.14610147997532685
Valouškova 2a;49.2273642;16.5219242;Bystrc;244.0;0.008307596771624584;0.08585184617516001;0.07262432707952046;11.72777492306952;-0.009765722855922476
Valtická 23;49.2027597;16.6598233;Vinohrady;291.4;0.0;0.03721484608364547;0.12142008817015496;13.190033957058622;1.4524933111331801
Vaňhalova 1a;49.1935383;16.540496100000002;Kohoutovice;350.8;0.0;0.08401780843637993;0.4524767195262256;12.774109069901026;1.0365684239755844
Velkopavlovická 8a;49.2054556;16.6639481;Vinohrady;286.9;0.0;0.02473904214244451;0.1142649963176744;12.485958093353725;0.7484174474282828
Větrná 1a;49.2230011;16.5218772;Bystrc;259.5;0.0;0.011507217444455358;0.12653785892633798;12.226365011690335;0.4888243657648932
Vídeňská;49.1803475;16.593805300000003;Štýřice;217.3;0.1100338464916332;0.048874184408973766;0.092051492994946;12.468957606369548;0.7314169604441059
Vlčnovská 8a;49.2072739;16.6585008;Vinohrady;298.7;0.0;0.1944467874782674;0.12064197148934275;11.51360087685578;-0.22393976906966273
Vlkova 2;49.2049269;16.6684436;Líšeň;278.4;0.0;0.04300566777391507;0.07070266648422127;11.400445094927344;-0.3370955509980984
Vlkova 4;49.2055639;16.671048300000002;Líšeň;292.2;0.0;0.03992336861944885;0.05618534006830162;11.018789613575995;-0.7187510323494468
Vltavská 2a;49.1693611;16.5642508;Lískovec;263.6;0.0;0.029709284229129457;0.06443343152457437;11.347238627669224;-0.390302018256218
Vojtova 1;49.1830131;16.600056900000002;Štýřice;205.7;0.0613245713265944;0.05001521617196188;0.046713738472380674;12.492595357026625;0.7550547111011827
Vondrákova 25a;49.2216031;16.5247992;Bystrc;254.2;0.0;0.056855230153944135;0.19856241469969044;11.36858483906048;-0.3689558068649621
Vondrákova 9a;49.2222078;16.5287375;Bystrc;232.3;0.10690634329953393;0.1376143081092139;0.2387966553546249;12.297903503733547;0.560362857808105
Voroněžská 1;49.2160222;16.5822961;Žabovřesky;245.0;0.08481235545832451;0.014260388006799447;0.04096251768151488;11.136794693758247;-0.6007459521671947
Voroněžská 2;49.2153928;16.5859333;Žabovřesky;248.9;0.08621928431601365;0.015542925918474797;0.044565376074685;11.621367193213539;-0.11617345271190338
Voroněžská 3;49.2151319;16.5846631;Žabovřesky;247.0;0.0;0.012996411317895857;0.046298265735507736;11.312889546892016;-0.4246510990334258
Voroněžská 4;49.215575;16.5852081;Žabovřesky;248.9;0.09999839159955257;0.01462150800308244;0.04351778166122256;11.292415961394436;-0.44512468453100595
Voroněžská 5;49.2157881;16.5843594;Žabovřesky;248.5;0.03221278601691069;0.012810211988969948;0.04194306280919188;11.077457967836313;-0.6600826780891289
Voroněžská 6;49.2159492;16.5854381;Žabovřesky;249.7;0.13911896301213708;0.01411206156826778;0.04073101510346525;11.155888968127798;-0.5816516777976446
Voroněžská 9;49.2154767;16.5836506;Žabovřesky;246.1;6.05176676599921e-05;0.012810211988969948;0.043933367812618765;10.978468060225186;-0.759072585700256
Voříškova 33a;49.200435;16.5328053;Kohoutovice;386.0;0.6565463057509521;0.7305131413894166;0.6817575571433372;10.404330360863373;-1.3332102850620693
Vrázova 59;49.2192733;16.5689461;Žabovřesky;256.1;0.0;0.12385549228716518;0.11031338000524782;10.532709794251444;-1.2048308516739983
Vrbenského 17;49.22614;16.5526831;Komín;260.0;0.0;0.0903281314054773;0.16759592201425422;13.07947698101622;1.3419363350907787
Vsetínská 20;49.1774628;16.5982669;Štýřice;209.4;0.08784951993172918;0.03650469950792496;0.06732402702914625;13.130196017724916;1.3926553717994743
Vychodilova 10;49.2199919;16.5727367;Žabovřesky;242.9;0.0;0.07859588705808097;0.11135001239347674;10.514604618884286;-1.2229360270411558
Vychodilova 11;49.21948;16.5723697;Žabovřesky;242.2;0.0;0.08876836531634573;0.10665518235686708;11.601017674382842;-0.1365229715426004
Vychodilova 12;49.2205689;16.572155300000002;Žabovřesky;246.9;0.0;0.11974535430928418;0.12059808854835555;10.530806582141883;-1.2067340637835589
Vychodilova 13;49.2196844;16.5722089;Žabovřesky;243.7;0.0;0.09743229140738484;0.10914984464442733;11.014414813672886;-0.7231258322525562
Vychodilova 14;49.2210203;16.5713386;Žabovřesky;251.1;0.0;0.14406259155337572;0.12450653829688685;10.220718429014678;-1.5168222169107644
Vychodilova 16;49.2203658;16.571070000000002;Žabovřesky;248.8;0.0;0.13569317616717694;0.11994597677224578;10.672770851454649;-1.0647697944707932
Vychodilova 17;49.2199203;16.5710914;Žabovřesky;247.1;0.0;0.12868347713029685;0.11497633143713062;10.986537831641149;-0.751002814284293
Vychodilova 2;49.2188906;16.5735514;Žabovřesky;236.3;0.0;0.026312109815561188;0.10026787137347558;11.104237679276633;-0.6333029666488095
Vychodilova 4;49.2191439;16.5733272;Žabovřesky;237.6;0.0;0.03910543800145856;0.10175058688339007;11.65493229513523;-0.08260835079021156
Vychodilova 6;49.2191472;16.5739697;Žabovřesky;237.9;0.0;0.01393526911155353;0.10001893482037998;11.278699750674715;-0.45884089525072724
Vychodilova 7;49.2190878;16.572706099999998;Žabovřesky;239.7;0.0;0.06938878124645778;0.10302469142007767;11.664296173557885;-0.07324447236755738
Vychodilova 8;49.2193825;16.5734922;Žabovřesky;239.1;0.0;0.034494386490681;0.1026830716378885;10.898543747332695;-0.8389968985927467
Vychodilova 9;49.2192781;16.5725453;Žabovřesky;240.8;0.0;0.07895903220410151;0.10473627632675213;11.1952478263386;-0.5422928195868426
Za Mostem 22;49.1809903;16.6242056;Komárov;198.5;0.0;0.013943691002103662;0.008475642456859753;12.420430003856552;0.6828893579311099
Za školou 1a;49.1785222;16.6263639;Komárov;198.6;0.0;0.020587722711415433;0.007649304343715665;11.920588801972091;0.1830481560466488
Záhřebská 1;49.2194917;16.582694699999998;Žabovřesky;258.8;0.0;0.05247426330177407;0.032454008834867966;12.047714428511146;0.3101737825857036
Záhřebská 2;49.2184486;16.5830922;Žabovřesky;254.8;0.0;0.034295669006378635;0.03562890961988231;11.332255211137696;-0.40528543478774637
Záhřebská 3;49.21747720000001;16.582909400000002;Žabovřesky;251.3;0.025916910461417038;0.02272516144188893;0.037239930738451985;12.0067517124607;0.2692110665352576
Záhřebská 4;49.2172808;16.5830794;Žabovřesky;250.7;0.05704708620225912;0.02060678930076429;0.03761980450142206;11.90007116342581;0.16253051750036818
Záhřebská 5;49.2192156;16.5812603;Žabovřesky;253.6;0.0;0.04997893757205997;0.04276355322057672;12.060311022259807;0.3227703763343648
Záhřebská 6;49.2184342;16.5822739;Žabovřesky;253.9;0.0;0.035878130204651304;0.03426352117034105;12.303756864489374;0.5662162185639321
Záhřebská 7;49.2194225;16.581094699999998;Žabovřesky;254.4;0.0;0.053087140034203256;0.04687027938469559;11.969873261919064;0.23233261599362187
Záhřebská 8;49.2181797;16.5824928;Žabovřesky;253.3;0.0;0.031405867941134605;0.03509039612305573;11.401356987717982;-0.3361836582074602
Záhřebská 9;49.2196175;16.5809272;Žabovřesky;255.3;0.0;0.055389093352820634;0.05127413578916135;11.603252220043863;-0.13428842588157863
Zámečnická 2;49.1945964;16.6076764;Střed;223.8;0.0;0.14936873200079648;0.0981325299122852;13.814963804988766;2.077423159063324
Zborovská 35;49.2126378;16.5837997;Žabovřesky;242.9;0.0;0.025862421073920568;0.06802609830260815;10.819198512463963;-0.9183421334614792
Zborovská 37;49.2127839;16.583606699999994;Žabovřesky;242.2;0.0;0.0260716684585122;0.06614321363075956;11.283955676112628;-0.45358496981281426
Zborovská 39;49.2129511;16.583119699999994;Žabovřesky;240.1;0.0;0.028653408066597632;0.0646629135230755;11.31386392070065;-0.4236767252247926
Zborovská 41;49.2131144;16.5826369;Žabovřesky;238.7;0.0;0.02914364763870838;0.062467686979970787;12.202558577969398;0.46501793204395625
Zborovská 43;49.2134775;16.5816981;Žabovřesky;235.5;0.0;0.028752432479409014;0.058524430007996175;11.792277079247949;0.05473643332250688
Zelný trh 15;49.1926292;16.6083219;Střed;226.8;0.0;0.08261280464448997;0.09342830437693762;12.784655054782048;1.047114408856606
Zikova 34;49.2079081;16.6767375;Líšeň;311.6;0.0;0.048252072098095386;0.052104839525452785;11.515068313630515;-0.22247233229492736
Zlínská 19;49.1782625;16.68755;Slatina;260.7;0.0;0.0058510902261458475;0.0021028185415426412;11.067479721129908;-0.6700609247955338
Žitná 11a;49.2384461;16.5883047;Řečkovice;239.0;0.0;0.11426692369443504;0.1613528002085305;10.791650605195755;-0.9458900407296866
Botanická 27;49.2071778;16.5994594;Ponava;230.0;0.0;0.08191839680768037;0.0995925133080237;13.041025085919895;1.3034844399944525
Foltýnova 19a;49.2153503;16.5061939;Bystrc;311.4;0.0;0.24793949378352945;0.17910494347331607;12.158396887759011;0.42085624183356884
Foltýnova 23a;49.2167489;16.507540300000002;Bystrc;304.8;0.0;0.13087976838411072;0.17561052906839886;12.865262428279975;1.1277217823545325
Kuršova 36;49.2168628;16.503916699999998;Bystrc;321.2;0.0;0.11930880310713868;0.13365909157150987;11.866199730613635;0.1286590846881932
Nové Sady 17-25;49.188935;16.607938;Staré Brno;201.8;0.04396525386236126;0.03966549229784938;0.0767756963992514;11.88033833206238;0.14279768613693733
Oblá 12a;49.1762483;16.5602825;Kamenný Vrch;297.8;0.0;0.0019922662609546528;0.14515578010020644;11.063580896922094;-0.6739597490033482
Oblá 18;49.1758578;16.558244400000003;Kamenný Vrch;296.9;0.0;0.02336361436702588;0.11804373114429205;11.174553429870146;-0.562987216055296
Oblá 22;49.1762472;16.557191699999994;Kamenný Vrch;300.0;0.0;0.03941896642557638;0.12703296510939655;10.536250242243998;-1.201290403681444
Oblá 32;49.1765492;16.5557481;Kamenný Vrch;299.8;0.0;0.08867682709074717;0.1295822390337308;10.567977092511017;-1.1695635534144255
Oblá 33;49.1748011;16.560129699999994;Kamenný Vrch;290.8;0.0;0.005855532383716671;0.10851577124696248;10.883336859923991;-0.8542037860014506
Oblá 35;49.1745183;16.5602631;Kamenný Vrch;288.9;0.0;0.005635053138114604;0.10312006780752994;10.847526464361383;-0.8900141815640588
Oblá 38;49.1767811;16.55486;Kamenný Vrch;300.3;0.0;0.11633816349373158;0.13089120953885347;10.550561065407768;-1.186979580517674
Oblá 39;49.1748217;16.5585083;Kamenný Vrch;286.2;0.0;0.02240836638707868;0.09703127356860207;11.855136098223795;0.11759545229835311
Oblá 41;49.1750128;16.5584461;Kamenný Vrch;288.0;0.0;0.02312929962752261;0.09983270645249408;10.806483847658805;-0.9310567982666367
Oblá 45;49.1757558;16.5571783;Kamenný Vrch;295.0;0.0;0.038733723108583966;0.11260724736189605;11.112465432511842;-0.6250752134136004
Oblá 48;49.1769728;16.5531736;Kamenný Vrch;300.5;0.0;0.13842935784394186;0.13113272762323705;9.837017859029997;-1.9005227868954453
Oblá 51;49.1755039;16.5571092;Kamenný Vrch;291.9;0.0;0.040099392752217466;0.1054835925686958;11.78390151181829;0.04636086589284716
Oblá 52;49.1772853;16.5530389;Kamenný Vrch;306.1;0.0;0.1448124077651315;0.13847618914464707;10.964145298393216;-0.7733953475322259
Oblá 54;49.17704420000001;16.550910000000002;Kamenný Vrch;302.6;0.1790618703708406;0.1363158578943866;0.13690608565225634;12.316835308856149;0.5792946629307067
Oblá 56;49.1773711;16.5509592;Kamenný Vrch;303.7;0.15587995326116852;0.1405871381981358;0.14427731158673732;11.231671740722174;-0.5058689052032683
Oblá 57;49.17611;16.5557664;Kamenný Vrch;294.7;0.0;0.08358206662188769;0.11996145197482863;10.757211944288166;-0.9803287016372764
Oblá 63;49.1763483;16.5548181;Kamenný Vrch;294.5;0.0;0.10848129920085456;0.12318258616803855;11.227678163344278;-0.5098624825811644
Oblá 73;49.17652;16.5532647;Kamenný Vrch;294.8;0.0;0.1308691404131243;0.12323273548612597;10.773625195521928;-0.9639154504035137
Oblá 75a;49.17624110000001;16.5531606;Kamenný Vrch;291.0;0.0101233091486791;0.12833954252788402;0.11817507505777725;11.173784633765061;-0.5637560121603808
Oblá 77;49.1764328;16.5521944;Kamenný Vrch;294.2;0.07248306853864205;0.13445791389157588;0.12183944006289295;10.717578494374859;-1.0199621515505832
Oblá 79;49.1761442;16.5520739;Kamenný Vrch;291.5;0.2081315211015924;0.13407063912614287;0.11685402819663325;11.385181828699345;-0.3523588172260972
Oblá 81;49.1764667;16.550981099999998;Kamenný Vrch;294.5;0.3299506594600539;0.13414613974649586;0.12454734446605174;11.398295246360039;-0.339245399565403
Oblá 83;49.1767386;16.5508936;Kamenný Vrch;299.4;0.2571873101654712;0.13449401239302025;0.13036000976907242;10.852257429943618;-0.8852832159818238
Rerychova 22;49.2159914;16.5052114;Bystrc;317.3;0.0;0.19724909325554604;0.15949547335889505;12.32131624030349;0.5837755943780483
Slunečná 10;49.1796044;16.547803599999998;Kamenný Vrch;299.0;0.4681924652994892;0.17360088449950692;0.2659307068775348;11.033382852292164;-0.7041577936332786
Slunečná 2;49.1778739;16.5475042;Kamenný Vrch;287.6;0.7114700576063575;0.15285583365674493;0.193495067683151;11.39139550583475;-0.34614514009069275
Slunečná 4;49.1781997;16.5473544;Kamenný Vrch;289.6;0.7237330795143987;0.15326049524449506;0.2088749661683071;11.688313015971165;-0.04922762995427732
Slunečná 6;49.1788547;16.5476228;Kamenný Vrch;292.7;0.8027190074684553;0.16053839669370856;0.2345980638886692;11.781550776352644;0.04401013042720159
Slunečná 8;49.1791936;16.5477761;Kamenný Vrch;294.7;0.6871638284493314;0.16514198558687634;0.2474151830814513;11.213930616888865;-0.5236100290365773
Svážná 1;49.1743331;16.5572144;Kamenný Vrch;277.5;0.0;0.03454164108886295;0.08325380205310047;10.944078633626;-0.7934620122994414
Svážná 29;49.1749261;16.551946100000002;Kamenný Vrch;272.9;0.4268470098313566;0.12242359949925337;0.08918788087966151;11.00252306932272;-0.735017576602722
Svážná 3;49.1746664;16.556407500000002;Kamenný Vrch;278.1;0.0;0.04920831761914071;0.08680003998066475;10.674737660318844;-1.0628029856065986
Svážná 4;49.1749708;16.5572078;Kamenný Vrch;284.1;0.0;0.03722971647043929;0.09316125035653254;10.940528276568386;-0.7970123693570557
Svážná 5;49.1745375;16.5554494;Kamenný Vrch;274.8;0.0;0.06738397784534937;0.08328840017231683;11.539269188654535;-0.19827145727090745
Svážná 7;49.1748278;16.5553164;Kamenný Vrch;277.6;0.0;0.07562046659747049;0.08915640664591727;10.488421944802626;-1.249118701122816
Svážná 9a;49.1752347;16.554342499999994;Kamenný Vrch;280.0;0.0;0.10309352116810062;0.09704582324115267;10.369424197443422;-1.36811644848202
Svážná13;49.1752669;16.5535308;Kamenný Vrch;280.9;0.07208975597000293;0.11672815853439596;0.0967482133244556;11.04353992617068;-0.6940007197547615
Svážná14;49.1753253;16.5557628;Kamenný Vrch;284.3;0.0;0.0745217057331615;0.10116036539359184;10.846412809377721;-0.8911278365477209
Svážná20;49.1755478;16.554834699999994;Kamenný Vrch;284.6;0.0;0.09972314185464404;0.10589293734594538;10.47494750216193;-1.262593143763512
Svážná21;49.1755222;16.5520128;Kamenný Vrch;282.9;0.36110886290006666;0.12887557300160205;0.10466060932585693;11.314647141061402;-0.42289350486404054
Svážná30;49.17572;16.5532575;Kamenný Vrch;286.0;0.08527082544630224;0.12061509748455193;0.10741920779589943;10.010249082698454;-1.7272915632269878
